{
  "best_model": "Logistic Regression",
  "best_weighted_f1": 0.8800519934318604,
  "results": {
    "Logistic Regression": {
      "accuracy": 0.8724768463547851,
      "precision": 0.889252657623202,
      "recall": 0.8724768463547851,
      "f1": 0.8800519934318604,
      "classification_report": "              precision    recall  f1-score   support\n\n    Negative       0.95      0.91      0.93      2870\n     Neutral       0.21      0.33      0.26       177\n    Positive       0.85      0.87      0.86      1164\n\n    accuracy                           0.87      4211\n   macro avg       0.67      0.70      0.68      4211\nweighted avg       0.89      0.87      0.88      4211\n",
      "confusion_matrix": [
        [
          2603,
          136,
          131
        ],
        [
          72,
          58,
          47
        ],
        [
          75,
          76,
          1013
        ]
      ]
    },
    "Multinomial Naive Bayes": {
      "accuracy": 0.8898123961054382,
      "precision": 0.8520571084821835,
      "recall": 0.8898123961054382,
      "f1": 0.8694693120902238,
      "classification_report": "              precision    recall  f1-score   support\n\n    Negative       0.89      0.97      0.93      2870\n     Neutral       0.00      0.00      0.00       177\n    Positive       0.88      0.82      0.85      1164\n\n    accuracy                           0.89      4211\n   macro avg       0.59      0.60      0.59      4211\nweighted avg       0.85      0.89      0.87      4211\n",
      "confusion_matrix": [
        [
          2792,
          0,
          78
        ],
        [
          126,
          0,
          51
        ],
        [
          209,
          0,
          955
        ]
      ]
    },
    "Random Forest": {
      "accuracy": 0.8636903348373308,
      "precision": 0.8389033372106094,
      "recall": 0.8636903348373308,
      "f1": 0.848104591375299,
      "classification_report": "              precision    recall  f1-score   support\n\n    Negative       0.90      0.92      0.91      2870\n     Neutral       0.18      0.02      0.03       177\n    Positive       0.78      0.84      0.81      1164\n\n    accuracy                           0.86      4211\n   macro avg       0.62      0.59      0.58      4211\nweighted avg       0.84      0.86      0.85      4211\n",
      "confusion_matrix": [
        [
          2653,
          8,
          209
        ],
        [
          104,
          3,
          70
        ],
        [
          177,
          6,
          981
        ]
      ]
    },
    "XGBoost": {
      "accuracy": 0.8807884113037283,
      "precision": 0.8566957729696711,
      "recall": 0.8807884113037283,
      "f1": 0.8636432890687323,
      "classification_report": "              precision    recall  f1-score   support\n\n    Negative       0.91      0.95      0.93      2870\n     Neutral       0.27      0.02      0.03       177\n    Positive       0.82      0.85      0.83      1164\n\n    accuracy                           0.88      4211\n   macro avg       0.67      0.60      0.60      4211\nweighted avg       0.86      0.88      0.86      4211\n",
      "confusion_matrix": [
        [
          2717,
          2,
          151
        ],
        [
          105,
          3,
          69
        ],
        [
          169,
          6,
          989
        ]
      ]
    }
  }
}